{
  "sheet": "saborosa-assets-001.png",
  "assets": {
    "fruit_00": {
      "x": 321,
      "y": 681,
      "w": 708,
      "h": 346,
      "col": {
        "offX": 0.2,
        "offY": 0.78,
        "w": 0.6,
        "h": 0.2
      }
    },
    "fruit_01": {
      "x": 1324,
      "y": 357,
      "w": 456,
      "h": 652,
      "col": {
        "offX": 0.2,
        "offY": 0.78,
        "w": 0.6,
        "h": 0.2
      }
    },
    "fruit_02": {
      "x": 2038,
      "y": 516,
      "w": 413,
      "h": 480,
      "col": {
        "offX": 0.2,
        "offY": 0.78,
        "w": 0.6,
        "h": 0.2
      }
    },
    "fruit_03": {
      "x": 2653,
      "y": 525,
      "w": 453,
      "h": 506,
      "col": {
        "offX": 0.2,
        "offY": 0.78,
        "w": 0.6,
        "h": 0.2
      }
    },
    "fruit_04": {
      "x": 3345,
      "y": 197,
      "w": 338,
      "h": 819,
      "col": {
        "offX": 0.2,
        "offY": 0.78,
        "w": 0.6,
        "h": 0.2
      }
    },
    "fruit_05": {
      "x": 3877,
      "y": 279,
      "w": 335,
      "h": 720,
      "col": {
        "offX": 0.2,
        "offY": 0.78,
        "w": 0.6,
        "h": 0.2
      }
    },
    "shape_00": {
      "x": 344,
      "y": 1341,
      "w": 563,
      "h": 633,
      "col": {
        "offX": 0.17789352407469639,
        "offY": 0.6724324324324324,
        "w": 0.6563679132062791,
        "h": 0.32756756756756755
      }
    },
    "shape_01": {
      "x": 1272,
      "y": 1227,
      "w": 403,
      "h": 756,
      "col": {
        "offX": 0.2,
        "offY": 0.78,
        "w": 0.6,
        "h": 0.2
      }
    },
    "shape_02": {
      "x": 1901,
      "y": 1115,
      "w": 684,
      "h": 863,
      "col": {
        "offX": 0.2,
        "offY": 0.78,
        "w": 0.6,
        "h": 0.2
      }
    },
    "shape_03": {
      "x": 2742,
      "y": 1331,
      "w": 641,
      "h": 650,
      "col": {
        "offX": 0.2,
        "offY": 0.78,
        "w": 0.6,
        "h": 0.2
      }
    },
    "shape_04": {
      "x": 3665,
      "y": 1191,
      "w": 257,
      "h": 779,
      "col": {
        "offX": 0.2,
        "offY": 0.78,
        "w": 0.6,
        "h": 0.2
      }
    },
    "shape_05": {
      "x": 4339,
      "y": 1384,
      "w": 465,
      "h": 584,
      "col": {
        "offX": 0.2,
        "offY": 0.78,
        "w": 0.6,
        "h": 0.2
      }
    },
    "plant_00": {
      "x": 370,
      "y": 2138,
      "w": 405,
      "h": 2080,
      "col": {
        "offX": 0.5444177510844178,
        "offY": 0.76,
        "w": 0.30537203870537205,
        "h": 0.24
      }
    },
    "plant_01": {
      "x": 1171,
      "y": 2929,
      "w": 229,
      "h": 1273,
      "col": {
        "offX": 0.2,
        "offY": 0.78,
        "w": 0.6,
        "h": 0.2
      }
    },
    "plant_02": {
      "x": 1773,
      "y": 2530,
      "w": 248,
      "h": 1670,
      "col": {
        "offX": 0.2,
        "offY": 0.78,
        "w": 0.6,
        "h": 0.2
      }
    },
    "plant_03": {
      "x": 2392,
      "y": 2874,
      "w": 262,
      "h": 1313,
      "col": {
        "offX": 0.2,
        "offY": 0.78,
        "w": 0.6,
        "h": 0.2
      }
    },
    "plant_04": {
      "x": 3025,
      "y": 2907,
      "w": 279,
      "h": 1276,
      "col": {
        "offX": 0.2,
        "offY": 0.78,
        "w": 0.6,
        "h": 0.2
      }
    },
    "plant_05": {
      "x": 3681,
      "y": 3337,
      "w": 207,
      "h": 859,
      "col": {
        "offX": 0.2,
        "offY": 0.78,
        "w": 0.6,
        "h": 0.2
      }
    },
    "plant_06": {
      "x": 4243,
      "y": 2658,
      "w": 229,
      "h": 1545,
      "col": {
        "offX": 0.2,
        "offY": 0.78,
        "w": 0.6,
        "h": 0.2
      }
    },
    "grass_00": {
      "x": 387,
      "y": 4442,
      "w": 513,
      "h": 913,
      "col": {
        "offX": 0.2,
        "offY": 0.78,
        "w": 0.6,
        "h": 0.2
      }
    },
    "grass_01": {
      "x": 1006,
      "y": 4928,
      "w": 610,
      "h": 415,
      "col": {
        "offX": 0.2,
        "offY": 0.78,
        "w": 0.6,
        "h": 0.2
      }
    },
    "grass_02": {
      "x": 1750,
      "y": 4572,
      "w": 479,
      "h": 755,
      "col": {
        "offX": 0.2,
        "offY": 0.78,
        "w": 0.6,
        "h": 0.2
      }
    },
    "grass_03": {
      "x": 2360,
      "y": 4502,
      "w": 276,
      "h": 814,
      "col": {
        "offX": 0.2,
        "offY": 0.78,
        "w": 0.6,
        "h": 0.2
      }
    },
    "grass_04": {
      "x": 2812,
      "y": 4559,
      "w": 377,
      "h": 768,
      "col": {
        "offX": 0.2,
        "offY": 0.78,
        "w": 0.6,
        "h": 0.2
      }
    },
    "grass_05": {
      "x": 3310,
      "y": 4655,
      "w": 364,
      "h": 676,
      "col": {
        "offX": 0.2,
        "offY": 0.78,
        "w": 0.6,
        "h": 0.2
      }
    },
    "grass_06": {
      "x": 3738,
      "y": 4617,
      "w": 543,
      "h": 723,
      "col": {
        "offX": 0.2,
        "offY": 0.78,
        "w": 0.6,
        "h": 0.2
      }
    },
    "grass_07": {
      "x": 4381,
      "y": 4971,
      "w": 471,
      "h": 356,
      "col": {
        "offX": 0.2,
        "offY": 0.78,
        "w": 0.6,
        "h": 0.2
      }
    },
    "tree_00": {
      "x": 311,
      "y": 5526,
      "w": 590,
      "h": 1223,
      "col": {
        "offX": 0.2,
        "offY": 0.78,
        "w": 0.6,
        "h": 0.2
      }
    },
    "tree_01": {
      "x": 972,
      "y": 5527,
      "w": 663,
      "h": 1238,
      "col": {
        "offX": 0.2,
        "offY": 0.78,
        "w": 0.6,
        "h": 0.2
      }
    },
    "tree_02": {
      "x": 1952,
      "y": 5877,
      "w": 224,
      "h": 878,
      "col": {
        "offX": 0.2,
        "offY": 0.78,
        "w": 0.6,
        "h": 0.2
      }
    },
    "tree_03": {
      "x": 2384,
      "y": 5508,
      "w": 553,
      "h": 1254,
      "col": {
        "offX": 0.2,
        "offY": 0.78,
        "w": 0.6,
        "h": 0.2
      }
    },
    "tree_04": {
      "x": 3043,
      "y": 5487,
      "w": 953,
      "h": 1306,
      "col": {
        "offX": 0.2,
        "offY": 0.78,
        "w": 0.6,
        "h": 0.2
      }
    },
    "tree_05": {
      "x": 4099,
      "y": 5613,
      "w": 610,
      "h": 1121,
      "col": {
        "offX": 0.2,
        "offY": 0.78,
        "w": 0.6,
        "h": 0.2
      }
    }
  }
}