{
  "sheet": "saborosa-assets-001.png",
  "assets": {
    "fruit_00": {
      "x": 321,
      "y": 681,
      "w": 708,
      "h": 346,
      "col": {
        "offX": 0.1055944055944056,
        "offY": 0.5479364566069769,
        "w": 0.4062937062937063,
        "h": 0.37061320182707463
      }
    },
    "fruit_01": {
      "x": 1324,
      "y": 357,
      "w": 456,
      "h": 652,
      "col": {
        "offX": 0.2,
        "offY": 0.78,
        "w": 0.6,
        "h": 0.2
      }
    },
    "fruit_02": {
      "x": 2038,
      "y": 516,
      "w": 413,
      "h": 480,
      "col": {
        "offX": 0.2,
        "offY": 0.78,
        "w": 0.6,
        "h": 0.2
      }
    },
    "fruit_03": {
      "x": 2653,
      "y": 525,
      "w": 453,
      "h": 506,
      "col": {
        "offX": 0.2,
        "offY": 0.78,
        "w": 0.6,
        "h": 0.2
      }
    },
    "fruit_04": {
      "x": 3345,
      "y": 197,
      "w": 338,
      "h": 819,
      "col": {
        "offX": 0.1306444906444907,
        "offY": 0.7783783783783784,
        "w": 0.7465696465696465,
        "h": 0.22054054054054054
      }
    },
    "fruit_05": {
      "x": 3877,
      "y": 279,
      "w": 335,
      "h": 720,
      "col": {
        "offX": 0.2,
        "offY": 0.78,
        "w": 0.6,
        "h": 0.2
      }
    },
    "shape_00": {
      "x": 344,
      "y": 1341,
      "w": 563,
      "h": 633,
      "col": {
        "offX": 0.4805520618309251,
        "offY": 0.6962162162162162,
        "w": 0.10331717152321059,
        "h": 0.3016216216216216
      }
    },
    "shape_01": {
      "x": 1272,
      "y": 1227,
      "w": 403,
      "h": 756,
      "col": {
        "offX": 0.4391590101267522,
        "offY": 0.7535135135135135,
        "w": 0.14601837569579507,
        "h": 0.2464864864864865
      }
    },
    "shape_02": {
      "x": 1901,
      "y": 1115,
      "w": 684,
      "h": 863,
      "col": {
        "offX": 0.4468041725936463,
        "offY": 0.7783783783783784,
        "w": 0.12139560613244824,
        "h": 0.21945945945945947
      }
    },
    "shape_03": {
      "x": 2742,
      "y": 1331,
      "w": 641,
      "h": 650,
      "col": {
        "offX": 0.46382341780157693,
        "offY": 0.7762162162162162,
        "w": 0.10414470632879369,
        "h": 0.22162162162162163
      }
    },
    "shape_04": {
      "x": 3665,
      "y": 1191,
      "w": 257,
      "h": 779,
      "col": {
        "offX": 0.3689241770953835,
        "offY": 0.7805405405405406,
        "w": 0.1900599432116942,
        "h": 0.21945945945945944
      }
    },
    "shape_05": {
      "x": 4339,
      "y": 1384,
      "w": 465,
      "h": 584,
      "col": {
        "offX": 0.23116652136006974,
        "offY": 0.7783783783783784,
        "w": 0.12219703574542284,
        "h": 0.21837837837837837
      }
    },
    "plant_00": {
      "x": 370,
      "y": 2138,
      "w": 405,
      "h": 2080,
      "col": {
        "offX": 0.5888355021688356,
        "offY": 0.9113513513513514,
        "w": 0.2609542876209543,
        "h": 0.08648648648648649
      }
    },
    "plant_01": {
      "x": 1171,
      "y": 2929,
      "w": 229,
      "h": 1273,
      "col": {
        "offX": 0.5781258114009205,
        "offY": 0.8421621621621621,
        "w": 0.42187418859907955,
        "h": 0.1578378378378379
      }
    },
    "plant_02": {
      "x": 1773,
      "y": 2530,
      "w": 248,
      "h": 1670,
      "col": {
        "offX": 0.5727986050566694,
        "offY": 0.9102702702702703,
        "w": 0.36399302528334787,
        "h": 0.0897297297297297
      }
    },
    "plant_03": {
      "x": 2392,
      "y": 2874,
      "w": 262,
      "h": 1313,
      "col": {
        "offX": 0.4620755106251292,
        "offY": 0.8854054054054054,
        "w": 0.2763069940169177,
        "h": 0.11459459459459465
      }
    },
    "plant_04": {
      "x": 3025,
      "y": 2907,
      "w": 279,
      "h": 1276,
      "col": {
        "offX": 0.5197771965513903,
        "offY": 0.8908108108108108,
        "w": 0.27193645258161386,
        "h": 0.10918918918918918
      }
    },
    "plant_05": {
      "x": 3681,
      "y": 3337,
      "w": 207,
      "h": 859,
      "col": {
        "offX": 0.3160647604125867,
        "offY": 0.7967567567567567,
        "w": 0.6280715498106803,
        "h": 0.20216216216216215
      }
    },
    "plant_06": {
      "x": 4243,
      "y": 2658,
      "w": 229,
      "h": 1545,
      "col": {
        "offX": 0.41247492033518274,
        "offY": 0.8908108108108108,
        "w": 0.4376253983240883,
        "h": 0.10918918918918918
      }
    },
    "grass_00": {
      "x": 387,
      "y": 4442,
      "w": 513,
      "h": 913,
      "col": {
        "offX": 0.20754754754754753,
        "offY": 0.8421621621621621,
        "w": 0.6099172857067594,
        "h": 0.14270270270270272
      }
    },
    "grass_01": {
      "x": 1006,
      "y": 4928,
      "w": 610,
      "h": 415,
      "col": {
        "offX": 0.2,
        "offY": 0.78,
        "w": 0.6,
        "h": 0.2
      }
    },
    "grass_02": {
      "x": 1750,
      "y": 4572,
      "w": 479,
      "h": 755,
      "col": {
        "offX": 0.2052079219093833,
        "offY": 0.8810810810810811,
        "w": 0.5861761552784517,
        "h": 0.11891891891891893
      }
    },
    "grass_03": {
      "x": 2360,
      "y": 4502,
      "w": 276,
      "h": 814,
      "col": {
        "offX": 0.24173913043478273,
        "offY": 0.7999999999999999,
        "w": 0.6121739130434781,
        "h": 0.19459459459459458
      }
    },
    "grass_04": {
      "x": 2812,
      "y": 4559,
      "w": 377,
      "h": 768,
      "col": {
        "offX": 0.24232991612301943,
        "offY": 0.8162162162162162,
        "w": 0.4911147752527063,
        "h": 0.18054054054054053
      }
    },
    "grass_05": {
      "x": 3310,
      "y": 4655,
      "w": 364,
      "h": 676,
      "col": {
        "offX": 0.19683397683397685,
        "offY": 0.8227027027027027,
        "w": 0.52,
        "h": 0.17729729729729726
      }
    },
    "grass_06": {
      "x": 3738,
      "y": 4617,
      "w": 543,
      "h": 723,
      "col": {
        "offX": 0.1761236374496043,
        "offY": 0.7913513513513515,
        "w": 0.6736628341048231,
        "h": 0.20432432432432435
      }
    },
    "grass_07": {
      "x": 4381,
      "y": 4971,
      "w": 471,
      "h": 356,
      "col": {
        "offX": 0.11268376656911691,
        "offY": 0.7762162162162162,
        "w": 0.7550215183336202,
        "h": 0.20756756756756753
      }
    },
    "tree_00": {
      "x": 311,
      "y": 5526,
      "w": 590,
      "h": 1223,
      "col": {
        "offX": 0.38347045350435177,
        "offY": 0.8843243243243243,
        "w": 0.2733962437013284,
        "h": 0.11567567567567572
      }
    },
    "tree_01": {
      "x": 972,
      "y": 5527,
      "w": 663,
      "h": 1238,
      "col": {
        "offX": 0.43540255187314003,
        "offY": 0.8789189189189189,
        "w": 0.2947258570787983,
        "h": 0.12
      }
    },
    "tree_02": {
      "x": 1952,
      "y": 5877,
      "w": 224,
      "h": 878,
      "col": {
        "offX": 0.09320463320463314,
        "offY": 0.8702702702702703,
        "w": 0.9067953667953669,
        "h": 0.12972972972972974
      }
    },
    "tree_03": {
      "x": 2384,
      "y": 5508,
      "w": 553,
      "h": 1254,
      "col": {
        "offX": 0.5000000000000001,
        "offY": 0.8832432432432432,
        "w": 0.3358545525634133,
        "h": 0.11675675675675676
      }
    },
    "tree_04": {
      "x": 3043,
      "y": 5487,
      "w": 953,
      "h": 1306,
      "col": {
        "offX": 0.01257876974561129,
        "offY": 0.7491891891891892,
        "w": 0.9541011315617821,
        "h": 0.20324324324324325
      }
    },
    "tree_05": {
      "x": 4099,
      "y": 5613,
      "w": 610,
      "h": 1121,
      "col": {
        "offX": 0.03511032343819235,
        "offY": 0.8497297297297297,